{
  "users": {
    "user1": {
      "uid": "user1",
      "name": "Alice",
      "email": "alice@example.com",
      "learningPaths": [
        "Flutter Basics",
        "AI Fundamentals"
      ],
      "progress": {
        "Flutter Basics": 50,
        "AI Fundamentals": 20
      }
    },
    "user2": {
      "uid": "user2",
      "name": "Bob",
      "email": "bob@example.com",
      "learningPaths": [
        "React JS",
        "Data Science"
      ],
      "progress": {
        "React JS": 80,
        "Data Science": 10
      }
    }
  },
  "badges": {
    "user1": {
      "Flutter Basics Completion": {
        "_seconds": 1680000000,
        "_nanoseconds": 0
      },
      "AI Beginner": {
        "_seconds": 1680000000,
        "_nanoseconds": 0
      }
    },
    "user2": {
      "React JS Completion": {
        "_seconds": 1680000000,
        "_nanoseconds": 0
      }
    }
  },
  "communityPosts": {
    "post1": {
      "postId": "post1",
      "authorId": "user1",
      "title": "Learning Flutter tips",
      "content": "Start with widgets and hot reload!",
      "timestamp": {
        "_seconds": 1680000000,
        "_nanoseconds": 0
      }
    },
    "post2": {
      "postId": "post2",
      "authorId": "user2",
      "title": "Data Science resources",
      "content": "Check Kaggle datasets and Python tutorials.",
      "timestamp": {
        "_seconds": 1680000000,
        "_nanoseconds": 0
      }
    }
  }
}